tag	old_commit	path_pass_commit	complete_commit	release	referenced_by
jam-actions-v0-0.5.0-cut-2026-07-11	08bdb8acc93c104aad8794cdcbf61e53062f72b2	b107ff4c9252f2aa7db9b0897ad6879f3451103d	2f1ef8419b64e550268cdfb12c7e9a95efe45f2d		Zenodo 10.5281/zenodo.21313954 (isDerivedFrom)
jam-actions-v0-0.6.0	e280a37db518234d241d53ee00625eafff56d070	55ee86411de9f90fe2b540ccd3a8934a192feee1	95e55b6767ddae371a31fca25bd81a29b0ab5a58		publication-receipt.json (v0 0.6.0)
jam-actions-v0-aloneness-audit-gaps-2026-05-19	67243d646251f8d9abbd9dadedb6349e3b226556	ae71c21a69deae487cc193703b9a26ccefb3e5f5	afe0f569f9b8f054023f056fd0e017b9d41d5294		
jam-actions-v0-corpus-spine-2026-05-17	4bba91515cac801c4dc73f68cca6110d9d848ad5	3ad6f784e4bc8f8963d4b19da91c013065b0f2f8	ce7f2c51e18ba8249ceeed4aff6ec212218bf643		
jam-actions-v0-dataset-card-polished-2026-05-19	ac514e0b43e585f5265c1a594e16dbe5f927340e	ae2514251d55d5705b77093c8e7df18b8a1c9807	d433a5be9bb2bfb9a1a8ae9716c64733aabfaae0		
jam-actions-v0-enriched-2026-05-17	1119cb70f21c53680312a0e205c96a53dc42626c	774bf10fa1ddad1ef8594a174e9cba1c66acca52	cded57a6336e465017f503f5cdf0144c204b59bd		
jam-actions-v0-enrichment-rubric-2026-05-18	9c7cb6f40f2028cb86171b6cd7285358dcd3c91e	7c4465c741dea720ee01d7ce1fd6aa67535304e3	4d4537fba5d394d999f8300e48eea333d1b3d157		
jam-actions-v0-eval-fair-2026-05-18	dcbbd232bfeeb6f4723413721c0f98b1fa19bc83	234e465a822fcf87fd8d80999a6c1866254b0eb3	977cd156af50e2ca6a5f1fcd16b542e9c5e80687		
jam-actions-v0-eval-rerun-2026-05-18	6ee106be3548807e23e8253e644a10e41d10e485	1d43c0aa57e21de042c147377169836eeca4ecff	02341dd42899d77b6814c240633379c355fb6345		
jam-actions-v0-eval-stable-2026-05-18	a0788c5cbab4c3a569434cf2f83a18baf8e759f7	89f4188b80748b8c94797180a7602744e2fe46a9	5d4554a983a809ef842df6c9362597da640d3478		
jam-actions-v0-fair-baseline-mixed-2026-05-18	a3d458b7d6f3a64adc99e7c5046d6c3870cd384e	997c671bcb2df1ae38c500c52aae88e5ba1f6776	013cc0d9f92d09c0d12367f0ff1e57c41e616d59		
jam-actions-v0-feature-marketed-2026-05-19	89c511a61afe72434cf6cc44c49c6cb685844c24	80cf1f88a0ec529530e8417e96d3353a1bd9e7eb	75e1c1d36cdac7b33ca6de06d9520762dcf288f9		publish-jam-actions-v0.yml SEALED_REF
jam-actions-v0-hardened-2026-05-17	23359808d5e0af4d05cd3ad5b690a1d9554aba5a	8a7e4fc5d93c9255b8a83d490bff921264d5e717	dc09ffd135b187c9cd42d6aad65a9c36da233ae2		
jam-actions-v0-package-2026-05-17	c7d80e7b2effd2785cfb0fac3fb5625ad9af59df	a4345f00364ca683c8d13736e1ee15c1f3026c61	f4cd775be1eaa93e90af865bb72d32573c308d25		
jam-actions-v0-packager-durable-2026-05-17	cbd6154e95c92a8e08f9772167c76ce497917bf5	dfebd1823d0e7ad978e9cbcb13a9d8f2f0c0932e	ad2a334b882dbbfe499769ceca1c7c3acf1d8b7a		
jam-actions-v0-prompt-isolated-2026-05-18	91ae79d6887d59a900e3221a42a4bc99d15e4040	fe0723efe8544a7fc8b26397b7da148fe606af97	8215f64c426010850f3a6a296153baeb5658688b		
jam-actions-v0-public-2026-05-17	d6970e1dbfac3d4fbbcc0de7eb176b002cb13406	86b46747f2cf65af316b091ec4d9898fbe317888	7414866a2f1939b60278a809f5875a3ac70d0fc8		
jam-actions-v0-publication-dry-run-2026-05-19	bd002994a8ad357a0bb4e68c0651b566cb22e0c9	9a366f3c0868bac96c5ad42dc014cef55ba6dd75	cec2091ec63f8eb9e6dbcf771e8d22ab1daa3158		
jam-actions-v0-rc-gate-defined-2026-05-18	e835f8ccab8720be5d2c41bc1e80021650b3cb3d	d478fcb044a9752daf2a04df9518dfb959e4acec	eeb28b9bf2b926c6d07cec18205facd1c72f68c4		
jam-actions-v0-rc-gate-revised-2026-05-19	0fec18355fa9cd3bf1f699250df79b52e09e1c01	b7dcc39579a6d86a58fcc5cb7d4f964d284b0230	3bf43e7bc5c27f41313cec3142a90dffb8b25a13		
jam-actions-v0-reproducibility-cleared-2026-05-19	2b4f48e5dc9a156119a8fafc429dd0f66fbf50d5	36e3823a2bc4bdfcbce4903e40ca920427fa5eed	6f302ef5fdb50b8947508a6d89acd8794a624589		Zenodo 10.5281/zenodo.20279919 (isDerivedFrom)
jam-actions-v0-rubric-cohort-tested-2026-05-18	c137e33e9218763444cbaeba7805fd5596cb8f77	3543768c302b3c9622b74956fdabcb04396c3353	9c6bc2f3de24baeb58ae6cf56748be1dcd6e4a7d		
jam-actions-v0-schumann-attempted-2026-05-19	8929177a3a95462b57d86a99c73dd04b37c71c20	044d622fb6aff9b083720359d06270869eaa57ac	58423fe82aae298d7875c3e68630fa75fa525795		
jam-actions-v0-tool-inspector-2026-05-18	a9edbb4a9a42c9886c861815894dba74c806d1ec	886ac8c570710fa4ddd2619a72ac5dbb3c2e1edb	bd827006143857d1911d7bdef4f6ea6e95f7e0df		
jam-actions-v0-tool-surface-gap-2026-05-18	bccb6ebd30bbd55916ae01eec6ff368f1bf758c8	39d00fd8341683e6c08d7a9bb86ef0e21dd97d20	fbfd2a2247be1c35d42c6d6f6b705bade68b7813		
jam-actions-v0-zenodo-published-2026-05-19	4eddef4f7b9f9f38d379450eaf780e208b162998	34ff9f157b7aabe608e0f56a21b14e7ef7dc5662	efe0988093fff734727f9a1f5d170de8a74fd4c9		
jam-ft-v1-adapters	d69640910f85a0722f90bbbd75933dc32fe1f5ec	002971ab8e807bd325606874484aac1784dad3dd	eb1c2fe590c90f77be35fd5b111d5d056df28ad3	yes	
pre-feature-pass-v1.5	13a9e0ef16a0f2f8750c36b1854dbb0944e0aeae	eccff754d92d328f7410d1e74ed0154f78f9a7df	25ded35e567f5f2714bcd6c2532f72b07e9115ee		
swarm-save-1775096099	1ce6810c33a5edff3b17493a36200c51a00fe7f6	8625d35644d81fdcacda2f66381812c901f0b15f	c57b3d0aeb4887ad6a175d1020f1ca1141f82e35		
swarm-save-1775424365	625db0f2bf6c599e58f82d22924f6485e60bef9d	4d3216c3e4a9bfde708af20f528a33dc26f5344f	a2289f3d61a040a13056c87e303cc1550a3902c3		
swarm-save-1783576212	b85f0dcf8f3b9b96ff1972d445ece13a1afd5d8e	e4634ee06b2891d138f0b18a29b080521811f431	cf451f4785018685270caf12bde18371423aa824		
swarm-save-1783576252	b85f0dcf8f3b9b96ff1972d445ece13a1afd5d8e	e4634ee06b2891d138f0b18a29b080521811f431	cf451f4785018685270caf12bde18371423aa824		
swarm-save-1787126957	67b19a2843832b220536a2f359863e8697275673	7a1ec94d7ce7e82d79f154f99ac2d9fab5e23c0b	ccd1ff8c534d320a5d132d7aa097b5aae0b1579d		
swarm-stageA-complete-1783584949	eaa413bd08f2693315839267bbf638876f3ef150	24b99f3563a5a978ba3406d2fe9140e8a9d38c6c	ea3073130ff4eb8c5685b1157558b4c27d4120d5		
swarm-stageC-complete-1783595148	23ea20c80d0158d167afe276457b6d12df57922f	19839cf8280edae28b8b9aea6a7b8c8a4e0e8d53	a380a7543bc2607f2ca278d22b284a79507431a6		
v0.1.0	5977d2fc8051af8666fc7164935875b22c7239ec	a846c9bfba91944a135374b6165a51c4d4036fe2	95de9d226b80890a058ac1723d443f332d7c08e7		
v0.1.2	fa88b6be494bdf66cf011ccd161ba06d76de3d8e	c1c26fa8fd7280b6d7cbbdbca0ac10b99826eb2c	e6c213c9f226b499eb76e0f39861f0bbb6b83616	yes	
v0.1.3	e97b8700fb8f65b58a56d30701ce86fc0ea8bb9a	59dbe2994517d596bb61a9430acfae8c233acce0	0c4b9e6eca3fc74b566054ea3b65ca06b636e8f7	yes	
v0.3.1	0c92a6b6ed8013bbf37b5a513d9c061889a22dfd	5f4102dea928bea425f629ea20c3095fcd478b5e	61775943b408818757e407532e8821479e1715cc	yes	
v1.0.0	76eb2bbb1021aa74a0ae215299d1f9bc705b4016	76eb2bbb1021aa74a0ae215299d1f9bc705b4016	76eb2bbb1021aa74a0ae215299d1f9bc705b4016	yes	
v1.2.0	208c9488bc885ae2fed5faaf2ceec5f7ddf25cf0	6a9cb7525719f5cddc3efb77d54c2c0b56bfd936	983c10314147c3d413a5aae19f7592908a4ee4c6	yes	
v1.3.0	e86f28106feea5417ecb776a096c450990ee8f14	e86f28106feea5417ecb776a096c450990ee8f14	7fe5543441cc62e74b021364ada76742309ef3ee	yes	
v1.3.1	4fe0ecf0f585814ebca8aa128bc6285296657b07	4fe0ecf0f585814ebca8aa128bc6285296657b07	2ad2d70e2994b1abb3718cc2e853619c354568a3	yes	
v1.4.0	3c88a9e96a1f49f22a7d8753a73394eecfd93a3e	bd37bb6ed5507a0a6df033f20eb30bb1ac5658ea	0ec88bb327968bb93574ef25fe6048cd332d6cb7	yes	
v1.4.1	89c511a61afe72434cf6cc44c49c6cb685844c24	80cf1f88a0ec529530e8417e96d3353a1bd9e7eb	75e1c1d36cdac7b33ca6de06d9520762dcf288f9		
v1.4.2	4eddef4f7b9f9f38d379450eaf780e208b162998	34ff9f157b7aabe608e0f56a21b14e7ef7dc5662	efe0988093fff734727f9a1f5d170de8a74fd4c9	yes	
v1.4.3	b3fc7060c392422d15168764bebf59283a63f43d	318685de03e87714257352f7f0c7850ed2e3620f	6b274bf9b03282ff56726bc1802539672adba98f	yes	
v1.5.0	069f3ae4db078038fb60bd7d48568a60e5a87f5a	5b0a92682619b2e311aef5c33130991b3b52f2f9	adbe1e0e9491525a71191891b464b6cb28519321	yes	
v2.0.0	b2be25a496e65abcdfcbe2889778e280df29e332	f53e119869aa9629078cac8c6a4680cfe259662f	226f8b513dea66b1b79cbb661c7427c5ade7f2f2	yes	
v2.2.0	ab6bedee5af155deb86b0f9b5873d072b8b0d4a0	6b1d975216e215025f92b3c9e77a8151ec0832b5	5c1aa23a3f0f942f711950ceacf4a6b2425addc8	yes	
v2.3.0	ca68038e5ee68664f894802df6e7d339b37b77a1	b56f08a6110e74f7478f4b35d05cc456975fdb43	4158420942311b1ba99c5480090cbb782ba2e2cf	yes	
v2.4.0	04cbd119b5aa6a9cd058a85548fa06ddf0cf0a39	22cb053e182535125b507eb7500aaffda633d95e	25eb33e32aa44e85c4b210c77dd7c760bea81683	yes	
v2.5.0	2465caf8653ef3f0b5126082e998cb558f632312	7372da6cd75b328dcc002f9f2e004c31a6b5b01c	4364a9746102333a381b9bb2aed58235b74460e3	yes	
v2.6.0	e9d8a0873ee2150d07d1a2cd771a554bb905632f	d1b9df09cc6a6a8b89c252be1bb4ebf839285cb3	3a98ded2d6da07fdf7e5bf87817aba62c22b83fa	yes	
v2.6.1	2e856bbe935cee78b966b48578c56f66a4c9f433	019abfb5d45b5df132cc1f09ac98f173c4e15797	a16a9f2442d5f48fe2f2487abe2952772948bfd4	yes	
